comparison,centroid_dist,perm_p,svm_cv_acc,n_chunks
Isaiah 1-39 vs 40-66,7.262379333546875,0.0001999600079984003,0.96,24
Undisputed Paul vs Pastorals,8.363177218682088,0.008398320335932814,,24
Undisputed Paul vs Hebrews,7.4837667525838,0.0003999200159968006,0.9199999999999999,26
John vs Revelation,10.13098219766318,0.0001999600079984003,1.0,21
1 Peter vs 2 Peter,16.087113093942182,0.33913217356528697,,3
