book,undisputed,johannine_gospel,johannine_apoc,non_pauline,nearest
Ephesians,0.6939454168190918,1.2421790624746805,1.116912970666853,0.7907150069183704,undisputed
Colossians,0.804557403374086,1.2610867875717524,1.1624184838357288,0.881610033875218,undisputed
2Thessalonians,0.8805359631911057,1.3238746350213328,1.4333856282718351,0.9731705003867316,undisputed
1Timothy,0.8094620823843389,1.0702352767389243,1.1214882833373352,0.8392119891064596,undisputed
2Timothy,0.827716816621937,1.0991706468852829,1.089272008224709,0.8895997886936357,undisputed
Titus,0.9434572136206378,1.365764422929139,1.2779783638654478,1.0022894405384164,undisputed
Hebrews,0.6240195785230044,0.910615931169015,0.9404927787415104,0.0,non_pauline
1Peter,0.6135354328222219,1.1782646895175395,1.208043504391846,0.7475133325296643,undisputed
2Peter,0.7934749341115709,1.148673860476659,1.1186984406568212,0.7695704695985095,non_pauline
